[{"DocumentTypeId":"WebHost.Invoice_WebHost.Invoice","Keywords":[{"Values":["invoice"],"NumberOfTimesConfirmed":1,"LastUpdated":"2022-04-05T09:36:25.6047791+08:00"},{"Values":["invoice number","invoice date"],"NumberOfTimesConfirmed":1,"LastUpdated":"2022-04-05T09:36:25.6058031+08:00"},{"Values":["total","grand total"],"NumberOfTimesConfirmed":1,"LastUpdated":"2022-04-05T09:36:25.6058031+08:00"},{"Values":["due date"],"NumberOfTimesConfirmed":1,"LastUpdated":"2022-04-05T10:27:04.2076555+08:00"}]}]
