[{"DocumentTypeId":"UiPath.Financial.Receipt","Keywords":[{"Values":["COURIEP EXPRESS"],"NumberOfTimesConfirmed":2,"LastUpdated":"2019-05-23T10:46:13.5030451+02:00"},{"Values":["SHAKE"],"NumberOfTimesConfirmed":2,"LastUpdated":"2019-05-23T10:51:43.6753681+02:00"},{"Values":["SHELL V-POUER"],"NumberOfTimesConfirmed":2,"LastUpdated":"2019-05-23T10:52:46.7906699+02:00"},{"Values":["H5k01?::"],"NumberOfTimesConfirmed":2,"LastUpdated":"2019-05-27T15:48:01.1352389+02:00"},{"Values":["Blstro"],"NumberOfTimesConfirmed":2,"LastUpdated":"2019-05-27T15:48:42.853787+02:00"},{"Values":["House"],"NumberOfTimesConfirmed":2,"LastUpdated":"2019-05-27T15:50:20.4072912+02:00"},{"Values":["BELL INZONA"],"NumberOfTimesConfirmed":1,"LastUpdated":"2019-11-01T15:03:28.969791+01:00"},{"Values":["Receipt"],"NumberOfTimesConfirmed":1,"LastUpdated":"2019-11-01T15:08:41.4709882+01:00"},{"Values":["CASHIER"],"NumberOfTimesConfirmed":2,"LastUpdated":"2019-11-01T15:09:55.4131907+01:00"},{"Values":["SULTAN"],"NumberOfTimesConfirmed":9,"LastUpdated":"2019-11-05T12:45:14.4510379+01:00"},{"Values":["NORO"],"NumberOfTimesConfirmed":6,"LastUpdated":"2019-11-05T12:49:11.1042493+01:00"},{"Values":["KENTUCKY"],"NumberOfTimesConfirmed":6,"LastUpdated":"2019-11-05T12:49:22.6943824+01:00"},{"Values":["CASHIER:"],"NumberOfTimesConfirmed":24,"LastUpdated":"2019-12-05T18:25:48.0451663+01:00"}]},{"DocumentTypeId":"UiPath.Financial.Invoice","Keywords":[{"Values":["INVOICE:"],"NumberOfTimesConfirmed":6,"LastUpdated":"2019-11-05T12:46:14.3725859+01:00"},{"Values":["*INVOICE"],"NumberOfTimesConfirmed":10,"LastUpdated":"2019-11-05T12:49:32.7200983+01:00"},{"Values":["Invoice"],"NumberOfTimesConfirmed":542,"LastUpdated":"2020-01-28T16:54:20.9323483+01:00"}]}]
